{"val_pearson":0.013015439272390876,"_wandb":{"runtime":30713},"val_spearman":0.0002505077657452474,"val_RMSELoss":1.0270363092422485,"param_grad_norm":16.658966452327157,"train_RMSELoss":0.6498003506322251,"train_MSELoss":0.4222404956817627,"_timestamp":1.7483035346625063e+09,"_step":801,"_runtime":30713.781440548,"lr":0.0001,"val_loss":1.0501890165814713}