{"param_grad_norm":304.25884754908276,"lr":0.0001,"_runtime":80.753631631,"_wandb":{"runtime":80},"_step":0,"train_MSELoss":1.5883651971817017,"_timestamp":1.748272556826868e+09,"train_RMSELoss":1.2603036130955516}